InstructorID,PassHash,PersonID,DeptNo
51001,b3d34352fc26117979deabdf1b9b6354,1,1
51002,b3d34352fc26117979deabdf1b9b6354,2,1
51003,b3d34352fc26117979deabdf1b9b6354,3,1
52001,b3d34352fc26117979deabdf1b9b6354,4,2
52002,b3d34352fc26117979deabdf1b9b6354,5,2
52003,b3d34352fc26117979deabdf1b9b6354,6,2
53001,b3d34352fc26117979deabdf1b9b6354,7,3
53002,b3d34352fc26117979deabdf1b9b6354,8,3
53003,b3d34352fc26117979deabdf1b9b6354,9,3
54001,b3d34352fc26117979deabdf1b9b6354,10,4
54002,b3d34352fc26117979deabdf1b9b6354,11,4
54003,b3d34352fc26117979deabdf1b9b6354,12,4
55001,b3d34352fc26117979deabdf1b9b6354,13,5
55002,b3d34352fc26117979deabdf1b9b6354,14,5
55003,b3d34352fc26117979deabdf1b9b6354,15,5
56001,b3d34352fc26117979deabdf1b9b6354,16,6
56002,b3d34352fc26117979deabdf1b9b6354,17,6
56003,b3d34352fc26117979deabdf1b9b6354,18,6
57001,b3d34352fc26117979deabdf1b9b6354,19,7
57002,b3d34352fc26117979deabdf1b9b6354,20,7
57003,b3d34352fc26117979deabdf1b9b6354,21,7
57004,b3d34352fc26117979deabdf1b9b6354,22,7
58001,b3d34352fc26117979deabdf1b9b6354,23,8
58002,b3d34352fc26117979deabdf1b9b6354,24,8
58003,b3d34352fc26117979deabdf1b9b6354,25,8
59001,b3d34352fc26117979deabdf1b9b6354,26,9
59002,b3d34352fc26117979deabdf1b9b6354,27,9
