PersonID,PhNo
1,8004040001
2,8004040002
3,8004040003
4,8004040004
5,8004040005
6,8004040006
7,8004040007
8,8004040008
9,8004040009
10,8004040010
11,8004040011
12,8004040012
13,8004040013
14,8004040014
15,8004040015
16,8004040016
17,8004040017
18,8004040018
19,8004040019
20,8004040020
21,8004040021
22,8004040022
23,8004040023
24,8004040024
25,8004040025
26,8004040026
27,8004040027
28,8004040028
29,8004040029
30,8004040030
31,8004040031
32,8004040032
33,8004040033
34,8004040034
35,8004040035
36,8004040036
37,8004040037
38,8004040038
39,8004040039
40,8004040040
41,8004040041
42,8004040042
43,8004040043
44,8004040044
45,8004040045
46,8004040046
47,8004040047
48,8004040048
49,8004040049
50,8004040050
51,8004040051
52,8004040052
53,8004040053
54,8004040054
55,8004040055
56,8004040056
57,8004040057
58,8004040058
59,8004040059
60,8004040060
61,8004040061
62,8004040062
63,8004040063
64,8004040064
65,8004040065
66,8004040066
67,8004040067
68,8004040068
69,8004040069
70,8004040070
71,8004040071
72,8004040072
73,8004040073
74,8004040074
75,8004040075
76,8004040076
77,8004040077
78,8004040078
79,8004040079
80,8004040080
81,8004040081
82,8004040082
83,8004040083
84,8004040084
85,8004040085
86,8004040086
87,8004040087
88,8004040088
89,8004040089
90,8004040090
91,8004040091
92,8004040092
93,8004040093
94,8004040094
95,8004040095
96,8004040096
97,8004040097
98,8004040098
99,8004040099
100,8004040100
101,8004040101
102,8004040102
103,8004040103
104,8004040104
105,8004040105
106,8004040106
107,8004040107
108,8004040108
109,8004040109
110,8004040110
111,8004040111
112,8004040112
113,8004040113
114,8004040114
115,8004040115
116,8004040116
117,8004040117
118,8004040118
119,8004040119
120,8004040120
121,8004040121
122,8004040122
123,8004040123
124,8004040124
125,8004040125
126,8004040126
126,8004040127
127,8004040128
127,7900456321
128,7900456322
129,7900456323
130,7900456324
131,7900456325
132,7900456326
133,7900456327
134,7900456328
135,7900456329
136,7900456330
137,7900456331
138,7900456332
139,7900456333
140,7900456334
141,7900456335
142,7900456336
143,7900456337
144,7900456338
145,7900456339
146,7900456340
147,7900456341
148,7900456342
149,7900456343
150,7900456344
151,7900456345
152,7900456346
153,7900456347
154,7900456348
155,7900456349
156,7900456350
157,7900456351
158,7900456352
159,7900456353
160,7900456354
161,7900456355
162,7900456356
163,7900456357
164,7900456358
165,7900456359
166,7900456360
167,7900456361
168,7900456362
169,7900456363
170,7900456364
171,7900456365
172,7900456366
173,7900456367
174,7900456368
175,7900456369
176,7900456370
177,7900456371
178,7900456372
179,7900456373
180,7900456374
181,7900456375
182,7900456376
183,7900456377
184,7900456378
185,7900456379
186,7900456380
187,7900456381
188,7900456382
189,7900456383
190,7900456384
191,7900456385
192,7900456386
193,7900456387
194,7900456388
195,7900456389
196,7900456390
197,7900456391
198,7900456392
199,7900456393
200,7900456394
201,7900456395
202,7900456396
203,7900456397
204,7900456398
205,7900456399
206,7900456400
207,7900456401
208,7900456402
209,7900456403
210,7900456404
211,7900456405
212,7900456406
213,7900456407
214,7900456408
215,7900456409
216,7900456410
217,7900456411
218,7900456412
219,7900456413
220,7900456414
221,7900456415
222,7900456416
223,7900456417
224,7900456418
225,7900456419
226,7900456420
227,7900456421
228,7900456422
229,7900456423
230,7900456424
231,7900456425
232,7900456426
233,7900456427
234,7900456428
235,7900456429
236,7900456430
237,7900456431
238,7900456432
239,7900456433
240,7900456434
241,7900456435
242,7900456436
243,7900456437
244,7900456438
245,7900456439
246,7900456440
247,7900456441
248,7900456442
249,7900456443
250,7900456444
251,7900456445
252,7900456446
253,7900456447
254,7900456448
255,7900456449
256,7900456450
257,7900456451
258,7900456452
259,7900456453
260,7900456454
261,7900456455
262,7900456456
263,7900456457
264,7900456458
265,7900456459
265,8502136159
265,8502136160
266,8502136161
267,8502136162
268,8502136163
269,8502136164
270,8502136165
271,8502136166
272,8502136167
273,8502136168
274,8502136169
275,8502136170
276,8502136171
277,8502136172
278,8502136173
279,8502136174
280,8502136175
281,8502136176
282,8502136177
283,8502136178
284,8502136179
285,8502136180
286,8502136181
287,8502136182
288,8502136183
289,8502136184
290,8502136185
291,8502136186
292,8502136187
293,8502136188
294,8502136189
295,8502136190
296,8502136191
297,8502136192
298,8502136193
299,8502136194
300,8502136195
301,8502136196
302,8502136197
303,8502136198
304,8502136199
305,8502136200
306,8502136201
307,8502136202
308,8502136203
309,8502136204
310,8502136205
311,8502136206
312,8502136207
313,8502136208
314,8502136209
315,8502136210
316,8502136211
317,8502136212
318,8502136213
319,8502136214
320,8502136215
321,8502136216
322,8502136217
323,8502136218
324,8502136219
325,8502136220
326,8502136221
327,8502136222
328,8502136223
329,8502136224
330,8502136225
331,8502136226
332,8502136227
333,8502136228
334,8502136229
335,8502136230
336,8502136231
337,8502136232
338,8502136233
339,8502136234
340,8502136235
341,8502136236
342,8502136237
343,8502136238
344,8502136239
345,8502136240
346,8502136241
347,8502136242
348,8502136243
349,8502136244
350,8502136245
351,8502136246
352,8502136247
353,8502136248
354,8502136249
355,8502136250
356,8502136251
357,8502136252
358,8502136253
359,8502136254
360,8502136255
361,8502136256
362,8502136257
363,8502136258
364,8502136259
365,8502136260
366,8502136261
367,8502136262
368,8502136263
369,8502136264
370,8502136265
371,8502136266
372,8502136267
373,8502136268
374,8502136269
375,8502136270
376,8502136271
377,8502136272
378,8502136273
379,8502136274
380,8502136275
381,8502136276
382,8502136277
383,8502136278
384,8502136279
385,8502136280
386,8502136281
387,8502136282
388,8502136283
389,8502136284
390,8502136285
391,8502136286
392,8502136287
393,8502136288
394,8502136289
395,8502136290
396,8502136291
397,8502136292
398,8502136293
399,8502136294
400,8502136295
401,8502136296
402,8502136297
403,8502136298
404,8502136299
405,8502136300
406,8502136301
407,8502136302
408,8502136303
409,8502136304
410,8502136305
411,8502136306
412,8502136307
413,8502136308
414,8502136309
415,8502136310
416,8502136311
417,8502136312
418,8502136313
419,8502136314
420,8502136315
421,8502136316
422,8502136317
423,8502136318
424,8502136319
425,8502136320
426,8502136321
427,8502136322
428,8502136323
429,8502136324
430,8502136325
431,8502136326
432,8502136327
433,8502136328
434,8502136329
435,8502136330
436,8502136331
437,8502136332
438,8502136333
439,8502136334
440,8502136335
441,8502136336
442,8502136337
443,8502136338
444,8502136339
445,8502136340
446,8502136341
447,8502136342
448,8502136343
449,8502136344
450,8502136345
451,8502136346
452,8502208532
453,8502208533
454,8502208534
454,8502208535
455,8502208538
456,8502208539
457,8502208540
458,8502208541
459,8502208542
460,8502208543
461,8502208544
462,8502208545
463,8502208546
464,8502208547
465,8502208548
466,8502208549
467,8502208550
468,8502208551
469,8502208552
470,8502208553
471,8502208554
472,8502208555
473,8502208556
474,8502208557
475,8502208558
476,8502208559
477,8502208560
478,8502208561
479,8502208562
480,8502208563
481,8502208564
482,8502208565
483,8502208566
484,8502208567
485,8502208568
486,8502208569
487,8502208570
488,8502208571
489,8502208572
490,8502208573
491,8502208574
492,8502208575
493,8502208576
494,8502208577
495,8502208578
496,8502208579
497,8502208580
498,8502208581
499,8502208582
500,8502208583