StudentID,PassHash,PersonID
11001,b4af804009cb036a4ccdc33431ef9ac9,28
11002,b4af804009cb036a4ccdc33431ef9ac9,29
11003,b4af804009cb036a4ccdc33431ef9ac9,30
11004,b4af804009cb036a4ccdc33431ef9ac9,31
11005,b4af804009cb036a4ccdc33431ef9ac9,32
11006,b4af804009cb036a4ccdc33431ef9ac9,33
11007,b4af804009cb036a4ccdc33431ef9ac9,34
11008,b4af804009cb036a4ccdc33431ef9ac9,35
11009,b4af804009cb036a4ccdc33431ef9ac9,36
11010,b4af804009cb036a4ccdc33431ef9ac9,37
11011,b4af804009cb036a4ccdc33431ef9ac9,38
11012,b4af804009cb036a4ccdc33431ef9ac9,39
11013,b4af804009cb036a4ccdc33431ef9ac9,40
11014,b4af804009cb036a4ccdc33431ef9ac9,41
11015,b4af804009cb036a4ccdc33431ef9ac9,42
11016,b4af804009cb036a4ccdc33431ef9ac9,43
11017,b4af804009cb036a4ccdc33431ef9ac9,44
11018,b4af804009cb036a4ccdc33431ef9ac9,45
11019,b4af804009cb036a4ccdc33431ef9ac9,46
11020,b4af804009cb036a4ccdc33431ef9ac9,47
11021,b4af804009cb036a4ccdc33431ef9ac9,48
11022,b4af804009cb036a4ccdc33431ef9ac9,49
11023,b4af804009cb036a4ccdc33431ef9ac9,50
11024,b4af804009cb036a4ccdc33431ef9ac9,51
11025,b4af804009cb036a4ccdc33431ef9ac9,52
11026,b4af804009cb036a4ccdc33431ef9ac9,53
11027,b4af804009cb036a4ccdc33431ef9ac9,54
11028,b4af804009cb036a4ccdc33431ef9ac9,55
11029,b4af804009cb036a4ccdc33431ef9ac9,56
11030,b4af804009cb036a4ccdc33431ef9ac9,57
11031,b4af804009cb036a4ccdc33431ef9ac9,58
11032,b4af804009cb036a4ccdc33431ef9ac9,59
11033,b4af804009cb036a4ccdc33431ef9ac9,60
11034,b4af804009cb036a4ccdc33431ef9ac9,61
11035,b4af804009cb036a4ccdc33431ef9ac9,62
11036,b4af804009cb036a4ccdc33431ef9ac9,63
11037,b4af804009cb036a4ccdc33431ef9ac9,64
11038,b4af804009cb036a4ccdc33431ef9ac9,65
11039,b4af804009cb036a4ccdc33431ef9ac9,66
11040,b4af804009cb036a4ccdc33431ef9ac9,67
11041,b4af804009cb036a4ccdc33431ef9ac9,68
11042,b4af804009cb036a4ccdc33431ef9ac9,69
11043,b4af804009cb036a4ccdc33431ef9ac9,70
11044,b4af804009cb036a4ccdc33431ef9ac9,71
11045,b4af804009cb036a4ccdc33431ef9ac9,72
11046,b4af804009cb036a4ccdc33431ef9ac9,73
11047,b4af804009cb036a4ccdc33431ef9ac9,74
11048,b4af804009cb036a4ccdc33431ef9ac9,75
11049,b4af804009cb036a4ccdc33431ef9ac9,76
11050,b4af804009cb036a4ccdc33431ef9ac9,77
11051,b4af804009cb036a4ccdc33431ef9ac9,78
12001,b4af804009cb036a4ccdc33431ef9ac9,79
12002,b4af804009cb036a4ccdc33431ef9ac9,80
12003,b4af804009cb036a4ccdc33431ef9ac9,81
12004,b4af804009cb036a4ccdc33431ef9ac9,82
12005,b4af804009cb036a4ccdc33431ef9ac9,83
12006,b4af804009cb036a4ccdc33431ef9ac9,84
12007,b4af804009cb036a4ccdc33431ef9ac9,85
12008,b4af804009cb036a4ccdc33431ef9ac9,86
12009,b4af804009cb036a4ccdc33431ef9ac9,87
12010,b4af804009cb036a4ccdc33431ef9ac9,88
12011,b4af804009cb036a4ccdc33431ef9ac9,89
12012,b4af804009cb036a4ccdc33431ef9ac9,90
12013,b4af804009cb036a4ccdc33431ef9ac9,91
12014,b4af804009cb036a4ccdc33431ef9ac9,92
12015,b4af804009cb036a4ccdc33431ef9ac9,93
12016,b4af804009cb036a4ccdc33431ef9ac9,94
12017,b4af804009cb036a4ccdc33431ef9ac9,95
12018,b4af804009cb036a4ccdc33431ef9ac9,96
12019,b4af804009cb036a4ccdc33431ef9ac9,97
12020,b4af804009cb036a4ccdc33431ef9ac9,98
12021,b4af804009cb036a4ccdc33431ef9ac9,99
12022,b4af804009cb036a4ccdc33431ef9ac9,100
12023,b4af804009cb036a4ccdc33431ef9ac9,101
12024,b4af804009cb036a4ccdc33431ef9ac9,102
12025,b4af804009cb036a4ccdc33431ef9ac9,103
12026,b4af804009cb036a4ccdc33431ef9ac9,104
12027,b4af804009cb036a4ccdc33431ef9ac9,105
12028,b4af804009cb036a4ccdc33431ef9ac9,106
12029,b4af804009cb036a4ccdc33431ef9ac9,107
12030,b4af804009cb036a4ccdc33431ef9ac9,108
12031,b4af804009cb036a4ccdc33431ef9ac9,109
12032,b4af804009cb036a4ccdc33431ef9ac9,110
12033,b4af804009cb036a4ccdc33431ef9ac9,111
12034,b4af804009cb036a4ccdc33431ef9ac9,112
12035,b4af804009cb036a4ccdc33431ef9ac9,113
12036,b4af804009cb036a4ccdc33431ef9ac9,114
12037,b4af804009cb036a4ccdc33431ef9ac9,115
12038,b4af804009cb036a4ccdc33431ef9ac9,116
12039,b4af804009cb036a4ccdc33431ef9ac9,117
12040,b4af804009cb036a4ccdc33431ef9ac9,118
12041,b4af804009cb036a4ccdc33431ef9ac9,119
12042,b4af804009cb036a4ccdc33431ef9ac9,120
12043,b4af804009cb036a4ccdc33431ef9ac9,121
12044,b4af804009cb036a4ccdc33431ef9ac9,122
12045,b4af804009cb036a4ccdc33431ef9ac9,123
12046,b4af804009cb036a4ccdc33431ef9ac9,124
12047,b4af804009cb036a4ccdc33431ef9ac9,125
12048,b4af804009cb036a4ccdc33431ef9ac9,126
12049,b4af804009cb036a4ccdc33431ef9ac9,127
12050,b4af804009cb036a4ccdc33431ef9ac9,128
12051,b4af804009cb036a4ccdc33431ef9ac9,129
12052,b4af804009cb036a4ccdc33431ef9ac9,130
12053,b4af804009cb036a4ccdc33431ef9ac9,131
12054,b4af804009cb036a4ccdc33431ef9ac9,132
12055,b4af804009cb036a4ccdc33431ef9ac9,133
12056,b4af804009cb036a4ccdc33431ef9ac9,134
12057,b4af804009cb036a4ccdc33431ef9ac9,135
12058,b4af804009cb036a4ccdc33431ef9ac9,136
12059,b4af804009cb036a4ccdc33431ef9ac9,137
12060,b4af804009cb036a4ccdc33431ef9ac9,138
13001,b4af804009cb036a4ccdc33431ef9ac9,139
13002,b4af804009cb036a4ccdc33431ef9ac9,140
13003,b4af804009cb036a4ccdc33431ef9ac9,141
13004,b4af804009cb036a4ccdc33431ef9ac9,142
13005,b4af804009cb036a4ccdc33431ef9ac9,143
13006,b4af804009cb036a4ccdc33431ef9ac9,144
13007,b4af804009cb036a4ccdc33431ef9ac9,145
13008,b4af804009cb036a4ccdc33431ef9ac9,146
13009,b4af804009cb036a4ccdc33431ef9ac9,147
13010,b4af804009cb036a4ccdc33431ef9ac9,148
13011,b4af804009cb036a4ccdc33431ef9ac9,149
13012,b4af804009cb036a4ccdc33431ef9ac9,150
13013,b4af804009cb036a4ccdc33431ef9ac9,151
13014,b4af804009cb036a4ccdc33431ef9ac9,152
13015,b4af804009cb036a4ccdc33431ef9ac9,153
13016,b4af804009cb036a4ccdc33431ef9ac9,154
13017,b4af804009cb036a4ccdc33431ef9ac9,155
13018,b4af804009cb036a4ccdc33431ef9ac9,156
13019,b4af804009cb036a4ccdc33431ef9ac9,157
13020,b4af804009cb036a4ccdc33431ef9ac9,158
13021,b4af804009cb036a4ccdc33431ef9ac9,159
13022,b4af804009cb036a4ccdc33431ef9ac9,160
13023,b4af804009cb036a4ccdc33431ef9ac9,161
13024,b4af804009cb036a4ccdc33431ef9ac9,162
13025,b4af804009cb036a4ccdc33431ef9ac9,163
13026,b4af804009cb036a4ccdc33431ef9ac9,164
13027,b4af804009cb036a4ccdc33431ef9ac9,165
13028,b4af804009cb036a4ccdc33431ef9ac9,166
13029,b4af804009cb036a4ccdc33431ef9ac9,167
13030,b4af804009cb036a4ccdc33431ef9ac9,168
13031,b4af804009cb036a4ccdc33431ef9ac9,169
13032,b4af804009cb036a4ccdc33431ef9ac9,170
13033,b4af804009cb036a4ccdc33431ef9ac9,171
13034,b4af804009cb036a4ccdc33431ef9ac9,172
13035,b4af804009cb036a4ccdc33431ef9ac9,173
13036,b4af804009cb036a4ccdc33431ef9ac9,174
13037,b4af804009cb036a4ccdc33431ef9ac9,175
13038,b4af804009cb036a4ccdc33431ef9ac9,176
13039,b4af804009cb036a4ccdc33431ef9ac9,177
13040,b4af804009cb036a4ccdc33431ef9ac9,178
13041,b4af804009cb036a4ccdc33431ef9ac9,179
13042,b4af804009cb036a4ccdc33431ef9ac9,180
13043,b4af804009cb036a4ccdc33431ef9ac9,181
13044,b4af804009cb036a4ccdc33431ef9ac9,182
13045,b4af804009cb036a4ccdc33431ef9ac9,183
13046,b4af804009cb036a4ccdc33431ef9ac9,184
13047,b4af804009cb036a4ccdc33431ef9ac9,185
13048,b4af804009cb036a4ccdc33431ef9ac9,186
13049,b4af804009cb036a4ccdc33431ef9ac9,187
14001,b4af804009cb036a4ccdc33431ef9ac9,188
14002,b4af804009cb036a4ccdc33431ef9ac9,189
14003,b4af804009cb036a4ccdc33431ef9ac9,190
14004,b4af804009cb036a4ccdc33431ef9ac9,191
14005,b4af804009cb036a4ccdc33431ef9ac9,192
14006,b4af804009cb036a4ccdc33431ef9ac9,193
14007,b4af804009cb036a4ccdc33431ef9ac9,194
14008,b4af804009cb036a4ccdc33431ef9ac9,195
14009,b4af804009cb036a4ccdc33431ef9ac9,196
14010,b4af804009cb036a4ccdc33431ef9ac9,197
14011,b4af804009cb036a4ccdc33431ef9ac9,198
14012,b4af804009cb036a4ccdc33431ef9ac9,199
14013,b4af804009cb036a4ccdc33431ef9ac9,200
14014,b4af804009cb036a4ccdc33431ef9ac9,201
14015,b4af804009cb036a4ccdc33431ef9ac9,202
14016,b4af804009cb036a4ccdc33431ef9ac9,203
14017,b4af804009cb036a4ccdc33431ef9ac9,204
14018,b4af804009cb036a4ccdc33431ef9ac9,205
14019,b4af804009cb036a4ccdc33431ef9ac9,206
14020,b4af804009cb036a4ccdc33431ef9ac9,207
14021,b4af804009cb036a4ccdc33431ef9ac9,208
14022,b4af804009cb036a4ccdc33431ef9ac9,209
14023,b4af804009cb036a4ccdc33431ef9ac9,210
14024,b4af804009cb036a4ccdc33431ef9ac9,211
14025,b4af804009cb036a4ccdc33431ef9ac9,212
14026,b4af804009cb036a4ccdc33431ef9ac9,213
14027,b4af804009cb036a4ccdc33431ef9ac9,214
14028,b4af804009cb036a4ccdc33431ef9ac9,215
14029,b4af804009cb036a4ccdc33431ef9ac9,216
14030,b4af804009cb036a4ccdc33431ef9ac9,217
14031,b4af804009cb036a4ccdc33431ef9ac9,218
14032,b4af804009cb036a4ccdc33431ef9ac9,219
14033,b4af804009cb036a4ccdc33431ef9ac9,220
14034,b4af804009cb036a4ccdc33431ef9ac9,221
14035,b4af804009cb036a4ccdc33431ef9ac9,222
14036,b4af804009cb036a4ccdc33431ef9ac9,223
14037,b4af804009cb036a4ccdc33431ef9ac9,224
14038,b4af804009cb036a4ccdc33431ef9ac9,225
14039,b4af804009cb036a4ccdc33431ef9ac9,226
14040,b4af804009cb036a4ccdc33431ef9ac9,227
14041,b4af804009cb036a4ccdc33431ef9ac9,228
14042,b4af804009cb036a4ccdc33431ef9ac9,229
14043,b4af804009cb036a4ccdc33431ef9ac9,230
14044,b4af804009cb036a4ccdc33431ef9ac9,231
14045,b4af804009cb036a4ccdc33431ef9ac9,232
14046,b4af804009cb036a4ccdc33431ef9ac9,233
14047,b4af804009cb036a4ccdc33431ef9ac9,234
14048,b4af804009cb036a4ccdc33431ef9ac9,235
14049,b4af804009cb036a4ccdc33431ef9ac9,236
14050,b4af804009cb036a4ccdc33431ef9ac9,237
14051,b4af804009cb036a4ccdc33431ef9ac9,238
14052,b4af804009cb036a4ccdc33431ef9ac9,239
14053,b4af804009cb036a4ccdc33431ef9ac9,240
14054,b4af804009cb036a4ccdc33431ef9ac9,241
14055,b4af804009cb036a4ccdc33431ef9ac9,242
14056,b4af804009cb036a4ccdc33431ef9ac9,243
14057,b4af804009cb036a4ccdc33431ef9ac9,244
15001,b4af804009cb036a4ccdc33431ef9ac9,245
15002,b4af804009cb036a4ccdc33431ef9ac9,246
15003,b4af804009cb036a4ccdc33431ef9ac9,247
15004,b4af804009cb036a4ccdc33431ef9ac9,248
15005,b4af804009cb036a4ccdc33431ef9ac9,249
15006,b4af804009cb036a4ccdc33431ef9ac9,250
15007,b4af804009cb036a4ccdc33431ef9ac9,251
15008,b4af804009cb036a4ccdc33431ef9ac9,252
15009,b4af804009cb036a4ccdc33431ef9ac9,253
15010,b4af804009cb036a4ccdc33431ef9ac9,254
15011,b4af804009cb036a4ccdc33431ef9ac9,255
15012,b4af804009cb036a4ccdc33431ef9ac9,256
15013,b4af804009cb036a4ccdc33431ef9ac9,257
15014,b4af804009cb036a4ccdc33431ef9ac9,258
15015,b4af804009cb036a4ccdc33431ef9ac9,259
15016,b4af804009cb036a4ccdc33431ef9ac9,260
15017,b4af804009cb036a4ccdc33431ef9ac9,261
15018,b4af804009cb036a4ccdc33431ef9ac9,262
15019,b4af804009cb036a4ccdc33431ef9ac9,263
15020,b4af804009cb036a4ccdc33431ef9ac9,264
15021,b4af804009cb036a4ccdc33431ef9ac9,265
15022,b4af804009cb036a4ccdc33431ef9ac9,266
15023,b4af804009cb036a4ccdc33431ef9ac9,267
15024,b4af804009cb036a4ccdc33431ef9ac9,268
15025,b4af804009cb036a4ccdc33431ef9ac9,269
15026,b4af804009cb036a4ccdc33431ef9ac9,270
15027,b4af804009cb036a4ccdc33431ef9ac9,271
15028,b4af804009cb036a4ccdc33431ef9ac9,272
15029,b4af804009cb036a4ccdc33431ef9ac9,273
15030,b4af804009cb036a4ccdc33431ef9ac9,274
15031,b4af804009cb036a4ccdc33431ef9ac9,275
15032,b4af804009cb036a4ccdc33431ef9ac9,276
15033,b4af804009cb036a4ccdc33431ef9ac9,277
