15034,b4af804009cb036a4ccdc33431ef9ac9,278
15035,b4af804009cb036a4ccdc33431ef9ac9,279
15036,b4af804009cb036a4ccdc33431ef9ac9,280
15037,b4af804009cb036a4ccdc33431ef9ac9,281
15038,b4af804009cb036a4ccdc33431ef9ac9,282
15039,b4af804009cb036a4ccdc33431ef9ac9,283
15040,b4af804009cb036a4ccdc33431ef9ac9,284
15041,b4af804009cb036a4ccdc33431ef9ac9,285
15042,b4af804009cb036a4ccdc33431ef9ac9,286
15043,b4af804009cb036a4ccdc33431ef9ac9,287
15044,b4af804009cb036a4ccdc33431ef9ac9,288
15045,b4af804009cb036a4ccdc33431ef9ac9,289
15046,b4af804009cb036a4ccdc33431ef9ac9,290
16001,b4af804009cb036a4ccdc33431ef9ac9,291
16002,b4af804009cb036a4ccdc33431ef9ac9,292
16003,b4af804009cb036a4ccdc33431ef9ac9,293
16004,b4af804009cb036a4ccdc33431ef9ac9,294
16005,b4af804009cb036a4ccdc33431ef9ac9,295
16006,b4af804009cb036a4ccdc33431ef9ac9,296
16007,b4af804009cb036a4ccdc33431ef9ac9,297
16008,b4af804009cb036a4ccdc33431ef9ac9,298
16009,b4af804009cb036a4ccdc33431ef9ac9,299
16010,b4af804009cb036a4ccdc33431ef9ac9,300
16011,b4af804009cb036a4ccdc33431ef9ac9,301
16012,b4af804009cb036a4ccdc33431ef9ac9,302
16013,b4af804009cb036a4ccdc33431ef9ac9,303
16014,b4af804009cb036a4ccdc33431ef9ac9,304
16015,b4af804009cb036a4ccdc33431ef9ac9,305
16016,b4af804009cb036a4ccdc33431ef9ac9,306
16017,b4af804009cb036a4ccdc33431ef9ac9,307
16018,b4af804009cb036a4ccdc33431ef9ac9,308
16019,b4af804009cb036a4ccdc33431ef9ac9,309
16020,b4af804009cb036a4ccdc33431ef9ac9,310
16021,b4af804009cb036a4ccdc33431ef9ac9,311
16022,b4af804009cb036a4ccdc33431ef9ac9,312
16023,b4af804009cb036a4ccdc33431ef9ac9,313
16024,b4af804009cb036a4ccdc33431ef9ac9,314
16025,b4af804009cb036a4ccdc33431ef9ac9,315
16026,b4af804009cb036a4ccdc33431ef9ac9,316
16027,b4af804009cb036a4ccdc33431ef9ac9,317
16028,b4af804009cb036a4ccdc33431ef9ac9,318
16029,b4af804009cb036a4ccdc33431ef9ac9,319
16030,b4af804009cb036a4ccdc33431ef9ac9,320
16031,b4af804009cb036a4ccdc33431ef9ac9,321
16032,b4af804009cb036a4ccdc33431ef9ac9,322
16033,b4af804009cb036a4ccdc33431ef9ac9,323
16034,b4af804009cb036a4ccdc33431ef9ac9,324
16035,b4af804009cb036a4ccdc33431ef9ac9,325
16036,b4af804009cb036a4ccdc33431ef9ac9,326
16037,b4af804009cb036a4ccdc33431ef9ac9,327
16038,b4af804009cb036a4ccdc33431ef9ac9,328
16039,b4af804009cb036a4ccdc33431ef9ac9,329
16040,b4af804009cb036a4ccdc33431ef9ac9,330
16041,b4af804009cb036a4ccdc33431ef9ac9,331
16042,b4af804009cb036a4ccdc33431ef9ac9,332
16043,b4af804009cb036a4ccdc33431ef9ac9,333
16044,b4af804009cb036a4ccdc33431ef9ac9,334
16045,b4af804009cb036a4ccdc33431ef9ac9,335
16046,b4af804009cb036a4ccdc33431ef9ac9,336
16047,b4af804009cb036a4ccdc33431ef9ac9,337
16048,b4af804009cb036a4ccdc33431ef9ac9,338
16049,b4af804009cb036a4ccdc33431ef9ac9,339
16050,b4af804009cb036a4ccdc33431ef9ac9,340
17001,b4af804009cb036a4ccdc33431ef9ac9,341
17002,b4af804009cb036a4ccdc33431ef9ac9,342
17003,b4af804009cb036a4ccdc33431ef9ac9,343
17004,b4af804009cb036a4ccdc33431ef9ac9,344
17005,b4af804009cb036a4ccdc33431ef9ac9,345
17006,b4af804009cb036a4ccdc33431ef9ac9,346
17007,b4af804009cb036a4ccdc33431ef9ac9,347
17008,b4af804009cb036a4ccdc33431ef9ac9,348
17009,b4af804009cb036a4ccdc33431ef9ac9,349
17010,b4af804009cb036a4ccdc33431ef9ac9,350
17011,b4af804009cb036a4ccdc33431ef9ac9,351
17012,b4af804009cb036a4ccdc33431ef9ac9,352
17013,b4af804009cb036a4ccdc33431ef9ac9,353
17014,b4af804009cb036a4ccdc33431ef9ac9,354
17015,b4af804009cb036a4ccdc33431ef9ac9,355
17016,b4af804009cb036a4ccdc33431ef9ac9,356
17017,b4af804009cb036a4ccdc33431ef9ac9,357
17018,b4af804009cb036a4ccdc33431ef9ac9,358
17019,b4af804009cb036a4ccdc33431ef9ac9,359
17020,b4af804009cb036a4ccdc33431ef9ac9,360
17021,b4af804009cb036a4ccdc33431ef9ac9,361
17022,b4af804009cb036a4ccdc33431ef9ac9,362
17023,b4af804009cb036a4ccdc33431ef9ac9,363
17024,b4af804009cb036a4ccdc33431ef9ac9,364
17025,b4af804009cb036a4ccdc33431ef9ac9,365
17026,b4af804009cb036a4ccdc33431ef9ac9,366
17027,b4af804009cb036a4ccdc33431ef9ac9,367
17028,b4af804009cb036a4ccdc33431ef9ac9,368
17029,b4af804009cb036a4ccdc33431ef9ac9,369
17030,b4af804009cb036a4ccdc33431ef9ac9,370
17031,b4af804009cb036a4ccdc33431ef9ac9,371
17032,b4af804009cb036a4ccdc33431ef9ac9,372
17033,b4af804009cb036a4ccdc33431ef9ac9,373
17034,b4af804009cb036a4ccdc33431ef9ac9,374
17035,b4af804009cb036a4ccdc33431ef9ac9,375
17036,b4af804009cb036a4ccdc33431ef9ac9,376
17037,b4af804009cb036a4ccdc33431ef9ac9,377
17038,b4af804009cb036a4ccdc33431ef9ac9,378
17039,b4af804009cb036a4ccdc33431ef9ac9,379
17040,b4af804009cb036a4ccdc33431ef9ac9,380
17041,b4af804009cb036a4ccdc33431ef9ac9,381
17042,b4af804009cb036a4ccdc33431ef9ac9,382
17043,b4af804009cb036a4ccdc33431ef9ac9,383
17044,b4af804009cb036a4ccdc33431ef9ac9,384
17045,b4af804009cb036a4ccdc33431ef9ac9,385
17046,b4af804009cb036a4ccdc33431ef9ac9,386
18001,b4af804009cb036a4ccdc33431ef9ac9,387
18002,b4af804009cb036a4ccdc33431ef9ac9,388
18003,b4af804009cb036a4ccdc33431ef9ac9,389
18004,b4af804009cb036a4ccdc33431ef9ac9,390
18005,b4af804009cb036a4ccdc33431ef9ac9,391
18006,b4af804009cb036a4ccdc33431ef9ac9,392
18007,b4af804009cb036a4ccdc33431ef9ac9,393
18008,b4af804009cb036a4ccdc33431ef9ac9,394
18009,b4af804009cb036a4ccdc33431ef9ac9,395
18010,b4af804009cb036a4ccdc33431ef9ac9,396
18011,b4af804009cb036a4ccdc33431ef9ac9,397
18012,b4af804009cb036a4ccdc33431ef9ac9,398
18013,b4af804009cb036a4ccdc33431ef9ac9,399
18014,b4af804009cb036a4ccdc33431ef9ac9,400
18015,b4af804009cb036a4ccdc33431ef9ac9,401
18016,b4af804009cb036a4ccdc33431ef9ac9,402
18017,b4af804009cb036a4ccdc33431ef9ac9,403
18018,b4af804009cb036a4ccdc33431ef9ac9,404
18019,b4af804009cb036a4ccdc33431ef9ac9,405
18020,b4af804009cb036a4ccdc33431ef9ac9,406
18021,b4af804009cb036a4ccdc33431ef9ac9,407
18022,b4af804009cb036a4ccdc33431ef9ac9,408
18023,b4af804009cb036a4ccdc33431ef9ac9,409
18024,b4af804009cb036a4ccdc33431ef9ac9,410
18025,b4af804009cb036a4ccdc33431ef9ac9,411
18026,b4af804009cb036a4ccdc33431ef9ac9,412
19001,b4af804009cb036a4ccdc33431ef9ac9,413
19002,b4af804009cb036a4ccdc33431ef9ac9,414
19003,b4af804009cb036a4ccdc33431ef9ac9,415
19004,b4af804009cb036a4ccdc33431ef9ac9,416
19005,b4af804009cb036a4ccdc33431ef9ac9,417
19006,b4af804009cb036a4ccdc33431ef9ac9,418
19007,b4af804009cb036a4ccdc33431ef9ac9,419
19008,b4af804009cb036a4ccdc33431ef9ac9,420
19009,b4af804009cb036a4ccdc33431ef9ac9,421
19010,b4af804009cb036a4ccdc33431ef9ac9,422
19011,b4af804009cb036a4ccdc33431ef9ac9,423
19012,b4af804009cb036a4ccdc33431ef9ac9,424
19013,b4af804009cb036a4ccdc33431ef9ac9,425
19014,b4af804009cb036a4ccdc33431ef9ac9,426
19015,b4af804009cb036a4ccdc33431ef9ac9,427
19016,b4af804009cb036a4ccdc33431ef9ac9,428
19017,b4af804009cb036a4ccdc33431ef9ac9,429
19018,b4af804009cb036a4ccdc33431ef9ac9,430
19019,b4af804009cb036a4ccdc33431ef9ac9,431
19020,b4af804009cb036a4ccdc33431ef9ac9,432
19021,b4af804009cb036a4ccdc33431ef9ac9,433
19022,b4af804009cb036a4ccdc33431ef9ac9,434
19023,b4af804009cb036a4ccdc33431ef9ac9,435
19024,b4af804009cb036a4ccdc33431ef9ac9,436
19025,b4af804009cb036a4ccdc33431ef9ac9,437
19026,b4af804009cb036a4ccdc33431ef9ac9,438
19027,b4af804009cb036a4ccdc33431ef9ac9,439
19028,b4af804009cb036a4ccdc33431ef9ac9,440
19029,b4af804009cb036a4ccdc33431ef9ac9,441
19030,b4af804009cb036a4ccdc33431ef9ac9,442
19031,b4af804009cb036a4ccdc33431ef9ac9,443
19032,b4af804009cb036a4ccdc33431ef9ac9,444
19033,b4af804009cb036a4ccdc33431ef9ac9,445
19034,b4af804009cb036a4ccdc33431ef9ac9,446
19035,b4af804009cb036a4ccdc33431ef9ac9,447
19036,b4af804009cb036a4ccdc33431ef9ac9,448
19037,b4af804009cb036a4ccdc33431ef9ac9,449
19038,b4af804009cb036a4ccdc33431ef9ac9,450
19039,b4af804009cb036a4ccdc33431ef9ac9,451
19040,b4af804009cb036a4ccdc33431ef9ac9,452
19041,b4af804009cb036a4ccdc33431ef9ac9,453
19042,b4af804009cb036a4ccdc33431ef9ac9,454
19043,b4af804009cb036a4ccdc33431ef9ac9,455
19044,b4af804009cb036a4ccdc33431ef9ac9,456
19045,b4af804009cb036a4ccdc33431ef9ac9,457
19046,b4af804009cb036a4ccdc33431ef9ac9,458
19047,b4af804009cb036a4ccdc33431ef9ac9,459
19048,b4af804009cb036a4ccdc33431ef9ac9,460
19049,b4af804009cb036a4ccdc33431ef9ac9,461
19050,b4af804009cb036a4ccdc33431ef9ac9,462
19051,b4af804009cb036a4ccdc33431ef9ac9,463
19052,b4af804009cb036a4ccdc33431ef9ac9,464
19053,b4af804009cb036a4ccdc33431ef9ac9,465
19054,b4af804009cb036a4ccdc33431ef9ac9,466
19055,b4af804009cb036a4ccdc33431ef9ac9,467
19056,b4af804009cb036a4ccdc33431ef9ac9,468
19057,b4af804009cb036a4ccdc33431ef9ac9,469
19058,b4af804009cb036a4ccdc33431ef9ac9,470
19059,b4af804009cb036a4ccdc33431ef9ac9,471
19060,b4af804009cb036a4ccdc33431ef9ac9,472
19061,b4af804009cb036a4ccdc33431ef9ac9,473
19062,b4af804009cb036a4ccdc33431ef9ac9,474
19063,b4af804009cb036a4ccdc33431ef9ac9,475
19064,b4af804009cb036a4ccdc33431ef9ac9,476
19065,b4af804009cb036a4ccdc33431ef9ac9,477
19066,b4af804009cb036a4ccdc33431ef9ac9,478
19067,b4af804009cb036a4ccdc33431ef9ac9,479
19068,b4af804009cb036a4ccdc33431ef9ac9,480
19069,b4af804009cb036a4ccdc33431ef9ac9,481
19070,b4af804009cb036a4ccdc33431ef9ac9,482
19071,b4af804009cb036a4ccdc33431ef9ac9,483
19072,b4af804009cb036a4ccdc33431ef9ac9,484
19073,b4af804009cb036a4ccdc33431ef9ac9,485
19074,b4af804009cb036a4ccdc33431ef9ac9,486
19075,b4af804009cb036a4ccdc33431ef9ac9,487
19076,b4af804009cb036a4ccdc33431ef9ac9,488
19077,b4af804009cb036a4ccdc33431ef9ac9,489
19078,b4af804009cb036a4ccdc33431ef9ac9,490
19079,b4af804009cb036a4ccdc33431ef9ac9,491
19080,b4af804009cb036a4ccdc33431ef9ac9,492
19081,b4af804009cb036a4ccdc33431ef9ac9,493
19082,b4af804009cb036a4ccdc33431ef9ac9,494
19083,b4af804009cb036a4ccdc33431ef9ac9,495
19084,b4af804009cb036a4ccdc33431ef9ac9,496
19085,b4af804009cb036a4ccdc33431ef9ac9,497
19086,b4af804009cb036a4ccdc33431ef9ac9,498
19087,b4af804009cb036a4ccdc33431ef9ac9,499
19088,b4af804009cb036a4ccdc33431ef9ac9,500
